2021-03-19 15:38:37:21,0
2021-03-19 15:38:37:22,1
2021-03-19 15:38:37:23,2
2021-03-19 15:38:37:25,3
2021-03-19 15:38:37:26,4
2021-03-19 15:38:37:27,5
2021-03-19 15:38:37:28,6
2021-03-19 15:38:37:29,7
2021-03-19 15:38:37:30,8
2021-03-19 15:38:37:31,9
2021-03-19 15:38:37:32,10
2021-03-19 15:38:37:33,11
2021-03-19 15:38:37:34,12
2021-03-19 15:38:37:36,13
2021-03-19 15:38:37:37,14
2021-03-19 15:38:37:38,15
2021-03-19 15:38:37:39,16
2021-03-19 15:38:37:40,17
2021-03-19 15:38:37:41,18
2021-03-19 15:38:37:42,19
2021-03-19 15:38:37:43,20
2021-03-19 15:38:37:44,21
2021-03-19 15:38:37:45,22
2021-03-19 15:38:37:46,23
2021-03-19 15:38:37:47,24
2021-03-19 15:38:37:48,25
2021-03-19 15:38:37:49,26
2021-03-19 15:38:37:51,27
2021-03-19 15:38:37:52,28
2021-03-19 15:38:37:53,29
2021-03-19 15:38:37:54,30
2021-03-19 15:38:37:55,31
2021-03-19 15:38:37:56,32
2021-03-19 15:38:37:57,33
2021-03-19 15:38:37:58,34
2021-03-19 15:38:37:59,35
2021-03-19 15:38:37:60,36
2021-03-19 15:38:37:61,37
2021-03-19 15:38:37:62,38
2021-03-19 15:38:37:63,39
2021-03-19 15:38:37:64,40
2021-03-19 15:38:37:66,41
2021-03-19 15:38:37:67,42
2021-03-19 15:38:37:68,43
2021-03-19 15:38:37:69,44
2021-03-19 15:38:37:70,45
2021-03-19 15:38:37:71,46
2021-03-19 15:38:37:72,47
2021-03-19 15:38:37:73,48
2021-03-19 15:38:37:74,49
2021-03-19 15:38:37:75,50
2021-03-19 15:38:37:76,51
2021-03-19 15:38:37:77,52
2021-03-19 15:38:37:78,53
2021-03-19 15:38:37:79,54
2021-03-19 15:38:37:80,55
2021-03-19 15:38:37:82,56
2021-03-19 15:38:37:83,57
2021-03-19 15:38:37:84,58
2021-03-19 15:38:37:85,59
2021-03-19 15:38:37:86,60
2021-03-19 15:38:37:87,61
2021-03-19 15:38:37:88,62
2021-03-19 15:38:37:89,63
2021-03-19 15:38:37:90,64
2021-03-19 15:38:37:91,65
2021-03-19 15:38:37:92,66
2021-03-19 15:38:37:94,67
2021-03-19 15:38:37:95,68
2021-03-19 15:38:37:96,69
2021-03-19 15:38:37:97,70
2021-03-19 15:38:37:98,71
2021-03-19 15:38:37:99,72
2021-03-19 15:38:38:00,73
2021-03-19 15:38:38:01,74
2021-03-19 15:38:38:02,75
2021-03-19 15:38:38:03,76
2021-03-19 15:38:38:05,77
2021-03-19 15:38:38:06,78
2021-03-19 15:38:38:07,79
2021-03-19 15:38:38:08,80
2021-03-19 15:38:38:09,81
2021-03-19 15:38:38:10,82
2021-03-19 15:38:38:11,83
2021-03-19 15:38:38:12,84
2021-03-19 15:38:38:13,85
2021-03-19 15:38:38:14,86
2021-03-19 15:38:38:15,87
2021-03-19 15:38:38:16,88
2021-03-19 15:38:38:17,89
2021-03-19 15:38:38:18,90
2021-03-19 15:38:38:19,91
2021-03-19 15:38:38:20,92
2021-03-19 15:38:38:21,93
2021-03-19 15:38:38:22,94
2021-03-19 15:38:38:23,95
2021-03-19 15:38:38:25,96
2021-03-19 15:38:38:26,97
2021-03-19 15:38:38:27,98
2021-03-19 15:38:38:28,99
2021-03-19 15:38:38:29,100
2021-03-19 15:38:38:30,101
2021-03-19 15:38:38:31,102
2021-03-19 15:38:38:32,103
2021-03-19 15:38:38:33,104
2021-03-19 15:38:38:34,105
2021-03-19 15:38:38:36,106
2021-03-19 15:38:38:37,107
2021-03-19 15:38:38:38,108
2021-03-19 15:38:38:39,109
2021-03-19 15:38:38:41,110
2021-03-19 15:38:38:42,111
2021-03-19 15:38:38:43,112
2021-03-19 15:38:38:44,113
2021-03-19 15:38:38:45,114
2021-03-19 15:38:38:46,115
2021-03-19 15:38:38:47,116
2021-03-19 15:38:38:48,117
2021-03-19 15:38:38:49,118
2021-03-19 15:38:38:50,119
2021-03-19 15:38:38:51,120
2021-03-19 15:38:38:52,121
2021-03-19 15:38:38:53,122
2021-03-19 15:38:38:54,123
2021-03-19 15:38:38:55,124
2021-03-19 15:38:38:56,125
2021-03-19 15:38:38:57,126
2021-03-19 15:38:38:58,127
2021-03-19 15:38:38:59,128
2021-03-19 15:38:38:61,129
2021-03-19 15:38:38:62,130
2021-03-19 15:38:38:63,131
2021-03-19 15:38:38:64,132
2021-03-19 15:38:38:65,133
2021-03-19 15:38:38:66,134
2021-03-19 15:38:38:67,135
2021-03-19 15:38:38:68,136
2021-03-19 15:38:38:69,137
2021-03-19 15:38:38:70,138
2021-03-19 15:38:38:71,139
2021-03-19 15:38:38:72,140
2021-03-19 15:38:38:73,141
2021-03-19 15:38:38:74,142
2021-03-19 15:38:38:75,143
2021-03-19 15:38:38:77,144
2021-03-19 15:38:38:78,145
2021-03-19 15:38:38:79,146
2021-03-19 15:38:38:80,147
2021-03-19 15:38:38:81,148
2021-03-19 15:38:38:82,149
2021-03-19 15:38:38:83,150
2021-03-19 15:38:38:84,151
2021-03-19 15:38:38:85,152
2021-03-19 15:38:38:86,153
2021-03-19 15:38:38:87,154
2021-03-19 15:38:38:88,155
2021-03-19 15:38:38:89,156
2021-03-19 15:38:38:90,157
2021-03-19 15:38:38:92,158
2021-03-19 15:38:38:93,159
2021-03-19 15:38:38:94,160
2021-03-19 15:38:38:95,161
2021-03-19 15:38:38:96,162
2021-03-19 15:38:38:97,163
2021-03-19 15:38:38:98,164
2021-03-19 15:38:38:99,165
2021-03-19 15:38:39:00,166
2021-03-19 15:38:39:01,167
2021-03-19 15:38:39:02,168
2021-03-19 15:38:39:03,169
2021-03-19 15:38:39:04,170
2021-03-19 15:38:39:05,171
2021-03-19 15:38:39:06,172
2021-03-19 15:38:39:08,173
2021-03-19 15:38:39:09,174
2021-03-19 15:38:39:10,175
2021-03-19 15:38:39:11,176
2021-03-19 15:38:39:12,177
2021-03-19 15:38:39:13,178
2021-03-19 15:38:39:14,179
2021-03-19 15:38:39:15,180
2021-03-19 15:38:39:16,181
2021-03-19 15:38:39:17,182
2021-03-19 15:38:39:18,183
2021-03-19 15:38:39:20,184
2021-03-19 15:38:39:21,185
2021-03-19 15:38:39:22,186
2021-03-19 15:38:39:23,187
2021-03-19 15:38:39:24,188
2021-03-19 15:38:39:25,189
2021-03-19 15:38:39:26,190
2021-03-19 15:38:39:27,191
2021-03-19 15:38:39:28,192
2021-03-19 15:38:39:29,193
2021-03-19 15:38:39:31,194
2021-03-19 15:38:39:32,195
2021-03-19 15:38:39:33,196
2021-03-19 15:38:39:34,197
2021-03-19 15:38:39:35,198
2021-03-19 15:38:39:36,199
2021-03-19 15:38:39:37,200
2021-03-19 15:38:39:38,201
2021-03-19 15:38:39:39,202
2021-03-19 15:38:39:40,203
2021-03-19 15:38:39:41,204
2021-03-19 15:38:39:42,205
2021-03-19 15:38:39:44,206
2021-03-19 15:38:39:45,207
2021-03-19 15:38:39:46,208
2021-03-19 15:38:39:47,209
2021-03-19 15:38:39:48,210
2021-03-19 15:38:39:49,211
2021-03-19 15:38:39:50,212
2021-03-19 15:38:39:51,213
2021-03-19 15:38:39:52,214
2021-03-19 15:38:39:53,215
2021-03-19 15:38:39:54,216
2021-03-19 15:38:39:55,217
2021-03-19 15:38:39:56,218
2021-03-19 15:38:39:57,219
2021-03-19 15:38:39:58,220
2021-03-19 15:38:39:59,221
2021-03-19 15:38:39:60,222
2021-03-19 15:38:39:62,223
2021-03-19 15:38:39:63,224
2021-03-19 15:38:39:64,225
2021-03-19 15:38:39:65,226
2021-03-19 15:38:39:66,227
2021-03-19 15:38:39:67,228
2021-03-19 15:38:39:68,229
2021-03-19 15:38:39:69,230
2021-03-19 15:38:39:70,231
2021-03-19 15:38:39:71,232
2021-03-19 15:38:39:72,233
2021-03-19 15:38:39:73,234
2021-03-19 15:38:39:74,235
2021-03-19 15:38:39:75,236
2021-03-19 15:38:39:76,237
2021-03-19 15:38:39:78,238
2021-03-19 15:38:39:79,239
2021-03-19 15:38:39:80,240
2021-03-19 15:38:39:81,241
2021-03-19 15:38:39:82,242
2021-03-19 15:38:39:83,243
2021-03-19 15:38:39:84,244
2021-03-19 15:38:39:85,245
2021-03-19 15:38:39:86,246
2021-03-19 15:38:39:87,247
2021-03-19 15:38:39:88,248
2021-03-19 15:38:39:89,249
2021-03-19 15:38:39:90,250
2021-03-19 15:38:39:91,251
2021-03-19 15:38:39:92,252
2021-03-19 15:38:39:93,253
2021-03-19 15:38:39:95,254
2021-03-19 15:38:39:96,255
2021-03-19 15:38:39:97,256
2021-03-19 15:38:39:98,257
2021-03-19 15:38:39:99,258
2021-03-19 15:38:40:00,259
2021-03-19 15:38:40:01,260
2021-03-19 15:38:40:02,261
2021-03-19 15:38:40:03,262
2021-03-19 15:38:40:04,263
2021-03-19 15:38:40:05,264
2021-03-19 15:38:40:06,265
2021-03-19 15:38:40:08,266
2021-03-19 15:38:40:09,267
2021-03-19 15:38:40:10,268
2021-03-19 15:38:40:11,269
2021-03-19 15:38:40:12,270
2021-03-19 15:38:40:13,271
2021-03-19 15:38:40:14,272
2021-03-19 15:38:40:15,273
2021-03-19 15:38:40:16,274
2021-03-19 15:38:40:17,275
2021-03-19 15:38:40:18,276
2021-03-19 15:38:40:19,277
2021-03-19 15:38:40:20,278
2021-03-19 15:38:40:22,279
2021-03-19 15:38:40:23,280
2021-03-19 15:38:40:24,281
2021-03-19 15:38:40:25,282
2021-03-19 15:38:40:26,283
2021-03-19 15:38:40:27,284
2021-03-19 15:38:40:28,285
2021-03-19 15:38:40:29,286
2021-03-19 15:38:40:30,287
2021-03-19 15:38:40:31,288
2021-03-19 15:38:40:32,289
2021-03-19 15:38:40:33,290
2021-03-19 15:38:40:34,291
2021-03-19 15:38:40:36,292
2021-03-19 15:38:40:37,293
2021-03-19 15:38:40:38,294
2021-03-19 15:38:40:39,295
2021-03-19 15:38:40:40,296
2021-03-19 15:38:40:41,297
2021-03-19 15:38:40:42,298
2021-03-19 15:38:40:43,299
2021-03-19 15:38:40:44,300
2021-03-19 15:38:40:45,301
2021-03-19 15:38:40:46,302
2021-03-19 15:38:40:47,303
2021-03-19 15:38:40:48,304
2021-03-19 15:38:40:50,305
2021-03-19 15:38:40:51,306
2021-03-19 15:38:40:52,307
2021-03-19 15:38:40:53,308
2021-03-19 15:38:40:54,309
2021-03-19 15:38:40:55,310
2021-03-19 15:38:40:56,311
2021-03-19 15:38:40:57,312
2021-03-19 15:38:40:58,313
2021-03-19 15:38:40:59,314
2021-03-19 15:38:40:60,315
2021-03-19 15:38:40:61,316
2021-03-19 15:38:40:62,317
2021-03-19 15:38:40:63,318
2021-03-19 15:38:40:65,319
2021-03-19 15:38:40:66,320
2021-03-19 15:38:40:67,321
2021-03-19 15:38:40:68,322
2021-03-19 15:38:40:69,323
2021-03-19 15:38:40:70,324
2021-03-19 15:38:40:71,325
2021-03-19 15:38:40:72,326
2021-03-19 15:38:40:73,327
2021-03-19 15:38:40:74,328
2021-03-19 15:38:40:75,329
2021-03-19 15:38:40:76,330
2021-03-19 15:38:40:77,331
2021-03-19 15:38:40:79,332
2021-03-19 15:38:40:80,333
2021-03-19 15:38:40:81,334
2021-03-19 15:38:40:82,335
2021-03-19 15:38:40:83,336
2021-03-19 15:38:40:84,337
2021-03-19 15:38:40:85,338
2021-03-19 15:38:40:86,339
2021-03-19 15:38:40:87,340
2021-03-19 15:38:40:88,341
2021-03-19 15:38:40:89,342
2021-03-19 15:38:40:90,343
2021-03-19 15:38:40:91,344
2021-03-19 15:38:40:92,345
2021-03-19 15:38:40:93,346
2021-03-19 15:38:40:94,347
2021-03-19 15:38:40:95,348
2021-03-19 15:38:40:96,349
2021-03-19 15:38:40:98,350
2021-03-19 15:38:40:99,351
2021-03-19 15:38:41:00,352
2021-03-19 15:38:41:01,353
2021-03-19 15:38:41:02,354
2021-03-19 15:38:41:03,355
2021-03-19 15:38:41:04,356
2021-03-19 15:38:41:05,357
2021-03-19 15:38:41:06,358
2021-03-19 15:38:41:07,359
2021-03-19 15:38:41:08,360
2021-03-19 15:38:41:09,361
2021-03-19 15:38:41:10,362
2021-03-19 15:38:41:11,363
2021-03-19 15:38:41:12,364
2021-03-19 15:38:41:13,365
2021-03-19 15:38:41:15,366
2021-03-19 15:38:41:16,367
2021-03-19 15:38:41:17,368
2021-03-19 15:38:41:18,369
2021-03-19 15:38:41:19,370
2021-03-19 15:38:41:20,371
2021-03-19 15:38:41:21,372
2021-03-19 15:38:41:22,373
2021-03-19 15:38:41:23,374
2021-03-19 15:38:41:24,375
2021-03-19 15:38:41:25,376
2021-03-19 15:38:41:26,377
2021-03-19 15:38:41:27,378
2021-03-19 15:38:41:28,379
2021-03-19 15:38:41:29,380
2021-03-19 15:38:41:30,381
2021-03-19 15:38:41:32,382
2021-03-19 15:38:41:33,383
2021-03-19 15:38:41:34,384
2021-03-19 15:38:41:35,385
2021-03-19 15:38:41:36,386
2021-03-19 15:38:41:37,387
2021-03-19 15:38:41:38,388
2021-03-19 15:38:41:39,389
2021-03-19 15:38:41:40,390
2021-03-19 15:38:41:41,391
2021-03-19 15:38:41:42,392
2021-03-19 15:38:41:43,393
2021-03-19 15:38:41:44,394
2021-03-19 15:38:41:45,395
2021-03-19 15:38:41:46,396
2021-03-19 15:38:41:47,397
2021-03-19 15:38:41:48,398
2021-03-19 15:38:41:49,399
2021-03-19 15:38:41:51,400
2021-03-19 15:38:41:52,401
2021-03-19 15:38:41:53,402
2021-03-19 15:38:41:54,403
2021-03-19 15:38:41:55,404
2021-03-19 15:38:41:56,405
2021-03-19 15:38:41:57,406
2021-03-19 15:38:41:58,407
2021-03-19 15:38:41:59,408
2021-03-19 15:38:41:60,409
2021-03-19 15:38:41:61,410
2021-03-19 15:38:41:62,411
2021-03-19 15:38:41:63,412
2021-03-19 15:38:41:64,413
2021-03-19 15:38:41:65,414
2021-03-19 15:38:41:66,415
2021-03-19 15:38:41:67,416
2021-03-19 15:38:41:69,417
2021-03-19 15:38:41:70,418
2021-03-19 15:38:41:71,419
2021-03-19 15:38:41:72,420
2021-03-19 15:38:41:73,421
2021-03-19 15:38:41:74,422
2021-03-19 15:38:41:75,423
2021-03-19 15:38:41:76,424
2021-03-19 15:38:41:77,425
2021-03-19 15:38:41:78,426
2021-03-19 15:38:41:79,427
2021-03-19 15:38:41:80,428
2021-03-19 15:38:41:81,429
2021-03-19 15:38:41:82,430
2021-03-19 15:38:41:84,431
2021-03-19 15:38:41:85,432
2021-03-19 15:38:41:86,433
2021-03-19 15:38:41:87,434
2021-03-19 15:38:41:88,435
2021-03-19 15:38:41:89,436
2021-03-19 15:38:41:90,437
2021-03-19 15:38:41:91,438
2021-03-19 15:38:41:92,439
2021-03-19 15:38:41:93,440
2021-03-19 15:38:41:94,441
2021-03-19 15:38:41:95,442
2021-03-19 15:38:41:96,443
2021-03-19 15:38:41:97,444
2021-03-19 15:38:41:98,445
2021-03-19 15:38:41:99,446
2021-03-19 15:38:42:00,447
2021-03-19 15:38:42:02,448
2021-03-19 15:38:42:03,449
2021-03-19 15:38:42:04,450
2021-03-19 15:38:42:05,451
2021-03-19 15:38:42:06,452
2021-03-19 15:38:42:07,453
2021-03-19 15:38:42:08,454
2021-03-19 15:38:42:09,455
2021-03-19 15:38:42:10,456
2021-03-19 15:38:42:11,457
2021-03-19 15:38:42:12,458
2021-03-19 15:38:42:13,459
2021-03-19 15:38:42:14,460
2021-03-19 15:38:42:15,461
2021-03-19 15:38:42:16,462
2021-03-19 15:38:42:17,463
2021-03-19 15:38:42:19,464
2021-03-19 15:38:42:20,465
2021-03-19 15:38:42:21,466
2021-03-19 15:38:42:22,467
2021-03-19 15:38:42:23,468
2021-03-19 15:38:42:24,469
2021-03-19 15:38:42:25,470
2021-03-19 15:38:42:26,471
2021-03-19 15:38:42:27,472
2021-03-19 15:38:42:28,473
2021-03-19 15:38:42:29,474
2021-03-19 15:38:42:30,475
2021-03-19 15:38:42:31,476
2021-03-19 15:38:42:32,477
2021-03-19 15:38:42:33,478
2021-03-19 15:38:42:34,479
2021-03-19 15:38:42:36,480
2021-03-19 15:38:42:37,481
2021-03-19 15:38:42:38,482
2021-03-19 15:38:42:39,483
2021-03-19 15:38:42:40,484
2021-03-19 15:38:42:41,485
2021-03-19 15:38:42:42,486
2021-03-19 15:38:42:43,487
2021-03-19 15:38:42:44,488
2021-03-19 15:38:42:45,489
2021-03-19 15:38:42:46,490
2021-03-19 15:38:42:47,491
2021-03-19 15:38:42:48,492
2021-03-19 15:38:42:50,493
2021-03-19 15:38:42:51,494
2021-03-19 15:38:42:52,495
2021-03-19 15:38:42:53,496
2021-03-19 15:38:42:54,497
2021-03-19 15:38:42:55,498
2021-03-19 15:38:42:56,499
2021-03-19 15:38:42:57,500
2021-03-19 15:38:42:58,501
2021-03-19 15:38:42:59,502
2021-03-19 15:38:42:60,503
2021-03-19 15:38:42:61,504
2021-03-19 15:38:42:62,505
2021-03-19 15:38:42:64,506
2021-03-19 15:38:42:65,507
2021-03-19 15:38:42:66,508
2021-03-19 15:38:42:67,509
2021-03-19 15:38:42:68,510
2021-03-19 15:38:42:69,511
2021-03-19 15:38:42:70,512
2021-03-19 15:38:42:71,513
2021-03-19 15:38:42:72,514
2021-03-19 15:38:42:73,515
2021-03-19 15:38:42:74,516
2021-03-19 15:38:42:75,517
2021-03-19 15:38:42:76,518
2021-03-19 15:38:42:77,519
2021-03-19 15:38:42:79,520
2021-03-19 15:38:42:80,521
2021-03-19 15:38:42:81,522
2021-03-19 15:38:42:82,523
2021-03-19 15:38:42:83,524
2021-03-19 15:38:42:84,525
2021-03-19 15:38:42:85,526
2021-03-19 15:38:42:86,527
2021-03-19 15:38:42:87,528
2021-03-19 15:38:42:88,529
2021-03-19 15:38:42:89,530
2021-03-19 15:38:42:90,531
2021-03-19 15:38:42:91,532
2021-03-19 15:38:42:92,533
2021-03-19 15:38:42:93,534
2021-03-19 15:38:42:95,535
2021-03-19 15:38:42:96,536
2021-03-19 15:38:42:97,537
2021-03-19 15:38:42:98,538
2021-03-19 15:38:42:99,539
2021-03-19 15:38:43:00,540
2021-03-19 15:38:43:01,541
2021-03-19 15:38:43:02,542
2021-03-19 15:38:43:03,543
2021-03-19 15:38:43:04,544
2021-03-19 15:38:43:05,545
2021-03-19 15:38:43:06,546
2021-03-19 15:38:43:07,547
2021-03-19 15:38:43:08,548
2021-03-19 15:38:43:10,549
2021-03-19 15:38:43:11,550
2021-03-19 15:38:43:12,551
2021-03-19 15:38:43:13,552
2021-03-19 15:38:43:14,553
2021-03-19 15:38:43:15,554
2021-03-19 15:38:43:16,555
2021-03-19 15:38:43:17,556
2021-03-19 15:38:43:18,557
2021-03-19 15:38:43:19,558
2021-03-19 15:38:43:20,559
2021-03-19 15:38:43:21,560
2021-03-19 15:38:43:22,561
2021-03-19 15:38:43:24,562
2021-03-19 15:38:43:25,563
2021-03-19 15:38:43:26,564
2021-03-19 15:38:43:27,565
2021-03-19 15:38:43:28,566
2021-03-19 15:38:43:29,567
2021-03-19 15:38:43:30,568
2021-03-19 15:38:43:31,569
2021-03-19 15:38:43:32,570
2021-03-19 15:38:43:33,571
2021-03-19 15:38:43:34,572
2021-03-19 15:38:43:35,573
2021-03-19 15:38:43:37,574
2021-03-19 15:38:43:38,575
2021-03-19 15:38:43:39,576
2021-03-19 15:38:43:40,577
2021-03-19 15:38:43:41,578
2021-03-19 15:38:43:42,579
2021-03-19 15:38:43:43,580
2021-03-19 15:38:43:44,581
2021-03-19 15:38:43:45,582
2021-03-19 15:38:43:46,583
2021-03-19 15:38:43:47,584
2021-03-19 15:38:43:48,585
2021-03-19 15:38:43:50,586
2021-03-19 15:38:43:51,587
2021-03-19 15:38:43:52,588
2021-03-19 15:38:43:53,589
2021-03-19 15:38:43:54,590
2021-03-19 15:38:43:55,591
2021-03-19 15:38:43:56,592
2021-03-19 15:38:43:57,593
2021-03-19 15:38:43:58,594
2021-03-19 15:38:43:59,595
2021-03-19 15:38:43:60,596
2021-03-19 15:38:43:61,597
2021-03-19 15:38:43:62,598
2021-03-19 15:38:43:63,599
2021-03-19 15:38:43:64,600
2021-03-19 15:38:43:65,601
2021-03-19 15:38:43:66,602
2021-03-19 15:38:43:67,603
2021-03-19 15:38:43:68,604
2021-03-19 15:38:43:70,605
2021-03-19 15:38:43:71,606
2021-03-19 15:38:43:72,607
2021-03-19 15:38:43:73,608
2021-03-19 15:38:43:74,609
2021-03-19 15:38:43:75,610
2021-03-19 15:38:43:76,611
2021-03-19 15:38:43:77,612
2021-03-19 15:38:43:78,613
2021-03-19 15:38:43:79,614
2021-03-19 15:38:43:80,615
2021-03-19 15:38:43:82,616
2021-03-19 15:38:43:83,617
2021-03-19 15:38:43:84,618
2021-03-19 15:38:43:85,619
2021-03-19 15:38:43:86,620
2021-03-19 15:38:43:87,621
2021-03-19 15:38:43:88,622
2021-03-19 15:38:43:89,623
2021-03-19 15:38:43:90,624
2021-03-19 15:38:43:91,625
2021-03-19 15:38:43:92,626
2021-03-19 15:38:43:93,627
2021-03-19 15:38:43:94,628
2021-03-19 15:38:43:95,629
2021-03-19 15:38:43:96,630
2021-03-19 15:38:43:98,631
2021-03-19 15:38:43:99,632
2021-03-19 15:38:44:00,633
2021-03-19 15:38:44:01,634
2021-03-19 15:38:44:02,635
2021-03-19 15:38:44:03,636
2021-03-19 15:38:44:04,637
2021-03-19 15:38:44:05,638
2021-03-19 15:38:44:06,639
2021-03-19 15:38:44:07,640
2021-03-19 15:38:44:08,641
2021-03-19 15:38:44:09,642
2021-03-19 15:38:44:10,643
2021-03-19 15:38:44:11,644
2021-03-19 15:38:44:12,645
2021-03-19 15:38:44:14,646
2021-03-19 15:38:44:15,647
2021-03-19 15:38:44:16,648
2021-03-19 15:38:44:17,649
2021-03-19 15:38:44:18,650
2021-03-19 15:38:44:19,651
2021-03-19 15:38:44:20,652
2021-03-19 15:38:44:21,653
2021-03-19 15:38:44:22,654
2021-03-19 15:38:44:23,655
2021-03-19 15:38:44:24,656
2021-03-19 15:38:44:25,657
2021-03-19 15:38:44:26,658
2021-03-19 15:38:44:27,659
2021-03-19 15:38:44:28,660
2021-03-19 15:38:44:29,661
2021-03-19 15:38:44:30,662
2021-03-19 15:38:44:32,663
2021-03-19 15:38:44:33,664
2021-03-19 15:38:44:34,665
2021-03-19 15:38:44:35,666
2021-03-19 15:38:44:36,667
2021-03-19 15:38:44:37,668
2021-03-19 15:38:44:38,669
2021-03-19 15:38:44:39,670
2021-03-19 15:38:44:40,671
2021-03-19 15:38:44:41,672
2021-03-19 15:38:44:42,673
2021-03-19 15:38:44:43,674
2021-03-19 15:38:44:45,675
2021-03-19 15:38:44:46,676
2021-03-19 15:38:44:47,677
2021-03-19 15:38:44:48,678
2021-03-19 15:38:44:49,679
2021-03-19 15:38:44:50,680
2021-03-19 15:38:44:51,681
2021-03-19 15:38:44:52,682
2021-03-19 15:38:44:53,683
2021-03-19 15:38:44:54,684
2021-03-19 15:38:44:55,685
2021-03-19 15:38:44:56,686
2021-03-19 15:38:44:58,687
2021-03-19 15:38:44:59,688
2021-03-19 15:38:44:60,689
2021-03-19 15:38:44:61,690
2021-03-19 15:38:44:62,691
2021-03-19 15:38:44:63,692
2021-03-19 15:38:44:64,693
2021-03-19 15:38:44:65,694
2021-03-19 15:38:44:66,695
2021-03-19 15:38:44:67,696
2021-03-19 15:38:44:68,697
2021-03-19 15:38:44:69,698
2021-03-19 15:38:44:70,699
2021-03-19 15:38:44:72,700
2021-03-19 15:38:44:73,701
2021-03-19 15:38:44:74,702
2021-03-19 15:38:44:75,703
2021-03-19 15:38:44:76,704
2021-03-19 15:38:44:77,705
2021-03-19 15:38:44:78,706
2021-03-19 15:38:44:79,707
2021-03-19 15:38:44:80,708
2021-03-19 15:38:44:81,709
2021-03-19 15:38:44:82,710
2021-03-19 15:38:44:83,711
2021-03-19 15:38:44:84,712
2021-03-19 15:38:44:86,713
2021-03-19 15:38:44:87,714
2021-03-19 15:38:44:88,715
2021-03-19 15:38:44:89,716
2021-03-19 15:38:44:90,717
2021-03-19 15:38:44:91,718
2021-03-19 15:38:44:92,719
2021-03-19 15:38:44:93,720
2021-03-19 15:38:44:94,721
2021-03-19 15:38:44:95,722
2021-03-19 15:38:44:96,723
2021-03-19 15:38:44:97,724
2021-03-19 15:38:44:98,725
2021-03-19 15:38:45:00,726
2021-03-19 15:38:45:01,727
2021-03-19 15:38:45:02,728
2021-03-19 15:38:45:03,729
2021-03-19 15:38:45:04,730
2021-03-19 15:38:45:05,731
2021-03-19 15:38:45:06,732
2021-03-19 15:38:45:07,733
2021-03-19 15:38:45:08,734
2021-03-19 15:38:45:09,735
2021-03-19 15:38:45:10,736
2021-03-19 15:38:45:11,737
2021-03-19 15:38:45:12,738
2021-03-19 15:38:45:13,739
2021-03-19 15:38:45:15,740
2021-03-19 15:38:45:16,741
2021-03-19 15:38:45:17,742
2021-03-19 15:38:45:18,743
2021-03-19 15:38:45:19,744
2021-03-19 15:38:45:20,745
2021-03-19 15:38:45:21,746
2021-03-19 15:38:45:22,747
2021-03-19 15:38:45:23,748
2021-03-19 15:38:45:24,749
2021-03-19 15:38:45:25,750
2021-03-19 15:38:45:26,751
2021-03-19 15:38:45:27,752
2021-03-19 15:38:45:28,753
2021-03-19 15:38:45:29,754
2021-03-19 15:38:45:31,755
2021-03-19 15:38:45:32,756
2021-03-19 15:38:45:33,757
2021-03-19 15:38:45:34,758
2021-03-19 15:38:45:35,759
2021-03-19 15:38:45:36,760
2021-03-19 15:38:45:37,761
2021-03-19 15:38:45:38,762
2021-03-19 15:38:45:39,763
2021-03-19 15:38:45:40,764
2021-03-19 15:38:45:41,765
2021-03-19 15:38:45:42,766
2021-03-19 15:38:45:43,767
2021-03-19 15:38:45:44,768
2021-03-19 15:38:45:45,769
2021-03-19 15:38:45:47,770
2021-03-19 15:38:45:48,771
2021-03-19 15:38:45:49,772
2021-03-19 15:38:45:50,773
2021-03-19 15:38:45:51,774
2021-03-19 15:38:45:52,775
2021-03-19 15:38:45:53,776
2021-03-19 15:38:45:54,777
2021-03-19 15:38:45:55,778
2021-03-19 15:38:45:56,779
2021-03-19 15:38:45:57,780
2021-03-19 15:38:45:58,781
2021-03-19 15:38:45:59,782
2021-03-19 15:38:45:61,783
2021-03-19 15:38:45:62,784
2021-03-19 15:38:45:63,785
2021-03-19 15:38:45:64,786
2021-03-19 15:38:45:65,787
2021-03-19 15:38:45:66,788
2021-03-19 15:38:45:67,789
2021-03-19 15:38:45:68,790
2021-03-19 15:38:45:69,791
2021-03-19 15:38:45:70,792
2021-03-19 15:38:45:71,793
2021-03-19 15:38:45:72,794
2021-03-19 15:38:45:73,795
2021-03-19 15:38:45:74,796
2021-03-19 15:38:45:75,797
2021-03-19 15:38:45:76,798
2021-03-19 15:38:45:77,799
2021-03-19 15:38:45:79,800
2021-03-19 15:38:45:80,801
2021-03-19 15:38:45:81,802
2021-03-19 15:38:45:82,803
2021-03-19 15:38:45:83,804
2021-03-19 15:38:45:84,805
2021-03-19 15:38:45:85,806
2021-03-19 15:38:45:86,807
2021-03-19 15:38:45:87,808
2021-03-19 15:38:45:88,809
2021-03-19 15:38:45:89,810
2021-03-19 15:38:45:90,811
2021-03-19 15:38:45:91,812
2021-03-19 15:38:45:92,813
2021-03-19 15:38:45:93,814
2021-03-19 15:38:45:94,815
2021-03-19 15:38:45:96,816
2021-03-19 15:38:45:97,817
2021-03-19 15:38:45:98,818
2021-03-19 15:38:45:99,819
2021-03-19 15:38:46:00,820
2021-03-19 15:38:46:01,821
2021-03-19 15:38:46:02,822
2021-03-19 15:38:46:03,823
2021-03-19 15:38:46:04,824
2021-03-19 15:38:46:05,825
2021-03-19 15:38:46:06,826
2021-03-19 15:38:46:07,827
2021-03-19 15:38:46:08,828
2021-03-19 15:38:46:10,829
2021-03-19 15:38:46:11,830
2021-03-19 15:38:46:12,831
2021-03-19 15:38:46:13,832
2021-03-19 15:38:46:14,833
2021-03-19 15:38:46:15,834
2021-03-19 15:38:46:16,835
2021-03-19 15:38:46:17,836
2021-03-19 15:38:46:18,837
2021-03-19 15:38:46:19,838
2021-03-19 15:38:46:20,839
2021-03-19 15:38:46:21,840
2021-03-19 15:38:46:23,841
2021-03-19 15:38:46:24,842
2021-03-19 15:38:46:25,843
2021-03-19 15:38:46:26,844
2021-03-19 15:38:46:27,845
2021-03-19 15:38:46:28,846
2021-03-19 15:38:46:29,847
2021-03-19 15:38:46:30,848
2021-03-19 15:38:46:31,849
2021-03-19 15:38:46:32,850
2021-03-19 15:38:46:34,851
2021-03-19 15:38:46:35,852
2021-03-19 15:38:46:36,853
2021-03-19 15:38:46:37,854
2021-03-19 15:38:46:38,855
2021-03-19 15:38:46:39,856
2021-03-19 15:38:46:40,857
2021-03-19 15:38:46:41,858
2021-03-19 15:38:46:42,859
2021-03-19 15:38:46:43,860
2021-03-19 15:38:46:44,861
2021-03-19 15:38:46:45,862
2021-03-19 15:38:46:46,863
2021-03-19 15:38:46:47,864
2021-03-19 15:38:46:48,865
2021-03-19 15:38:46:49,866
2021-03-19 15:38:46:50,867
2021-03-19 15:38:46:52,868
2021-03-19 15:38:46:53,869
2021-03-19 15:38:46:54,870
2021-03-19 15:38:46:55,871
2021-03-19 15:38:46:56,872
2021-03-19 15:38:46:57,873
2021-03-19 15:38:46:58,874
2021-03-19 15:38:46:59,875
2021-03-19 15:38:46:60,876
2021-03-19 15:38:46:61,877
2021-03-19 15:38:46:62,878
2021-03-19 15:38:46:63,879
2021-03-19 15:38:46:64,880
2021-03-19 15:38:46:65,881
2021-03-19 15:38:46:66,882
2021-03-19 15:38:46:67,883
2021-03-19 15:38:46:69,884
2021-03-19 15:38:46:70,885
2021-03-19 15:38:46:71,886
2021-03-19 15:38:46:72,887
2021-03-19 15:38:46:73,888
2021-03-19 15:38:46:74,889
2021-03-19 15:38:46:75,890
2021-03-19 15:38:46:76,891
2021-03-19 15:38:46:77,892
2021-03-19 15:38:46:78,893
2021-03-19 15:38:46:79,894
2021-03-19 15:38:46:80,895
2021-03-19 15:38:46:82,896
2021-03-19 15:38:46:83,897
2021-03-19 15:38:46:84,898
2021-03-19 15:38:46:85,899
2021-03-19 15:38:46:86,900
2021-03-19 15:38:46:87,901
2021-03-19 15:38:46:88,902
2021-03-19 15:38:46:89,903
2021-03-19 15:38:46:90,904
2021-03-19 15:38:46:91,905
2021-03-19 15:38:46:92,906
2021-03-19 15:38:46:93,907
2021-03-19 15:38:46:94,908
2021-03-19 15:38:46:95,909
2021-03-19 15:38:46:96,910
2021-03-19 15:38:46:97,911
2021-03-19 15:38:46:98,912
2021-03-19 15:38:46:99,913
2021-03-19 15:38:47:00,914
2021-03-19 15:38:47:02,915
2021-03-19 15:38:47:03,916
2021-03-19 15:38:47:04,917
2021-03-19 15:38:47:05,918
2021-03-19 15:38:47:06,919
2021-03-19 15:38:47:07,920
2021-03-19 15:38:47:08,921
2021-03-19 15:38:47:09,922
2021-03-19 15:38:47:10,923
2021-03-19 15:38:47:11,924
2021-03-19 15:38:47:12,925
2021-03-19 15:38:47:13,926
2021-03-19 15:38:47:14,927
2021-03-19 15:38:47:15,928
2021-03-19 15:38:47:17,929
2021-03-19 15:38:47:18,930
2021-03-19 15:38:47:19,931
2021-03-19 15:38:47:20,932
2021-03-19 15:38:47:21,933
2021-03-19 15:38:47:22,934
2021-03-19 15:38:47:23,935
2021-03-19 15:38:47:24,936
2021-03-19 15:38:47:25,937
2021-03-19 15:38:47:26,938
2021-03-19 15:38:47:27,939
2021-03-19 15:38:47:28,940
2021-03-19 15:38:47:29,941
2021-03-19 15:38:47:30,942
2021-03-19 15:38:47:32,943
2021-03-19 15:38:47:33,944
2021-03-19 15:38:47:34,945
2021-03-19 15:38:47:35,946
2021-03-19 15:38:47:36,947
2021-03-19 15:38:47:37,948
2021-03-19 15:38:47:38,949
2021-03-19 15:38:47:39,950
2021-03-19 15:38:47:40,951
2021-03-19 15:38:47:41,952
2021-03-19 15:38:47:42,953
2021-03-19 15:38:47:43,954
2021-03-19 15:38:47:44,955
2021-03-19 15:38:47:45,956
2021-03-19 15:38:47:47,957
2021-03-19 15:38:47:48,958
2021-03-19 15:38:47:49,959
2021-03-19 15:38:47:50,960
2021-03-19 15:38:47:51,961
2021-03-19 15:38:47:52,962
2021-03-19 15:38:47:53,963
2021-03-19 15:38:47:54,964
2021-03-19 15:38:47:55,965
2021-03-19 15:38:47:56,966
2021-03-19 15:38:47:57,967
2021-03-19 15:38:47:58,968
2021-03-19 15:38:47:60,969
2021-03-19 15:38:47:61,970
2021-03-19 15:38:47:62,971
2021-03-19 15:38:47:63,972
2021-03-19 15:38:47:64,973
2021-03-19 15:38:47:65,974
2021-03-19 15:38:47:66,975
2021-03-19 15:38:47:67,976
2021-03-19 15:38:47:68,977
2021-03-19 15:38:47:69,978
2021-03-19 15:38:47:70,979
2021-03-19 15:38:47:71,980
2021-03-19 15:38:47:72,981
2021-03-19 15:38:47:74,982
2021-03-19 15:38:47:75,983
2021-03-19 15:38:47:76,984
2021-03-19 15:38:47:77,985
2021-03-19 15:38:47:78,986
2021-03-19 15:38:47:79,987
2021-03-19 15:38:47:80,988
2021-03-19 15:38:47:81,989
2021-03-19 15:38:47:82,990
2021-03-19 15:38:47:83,991
2021-03-19 15:38:47:84,992
2021-03-19 15:38:47:85,993
2021-03-19 15:38:47:86,994
2021-03-19 15:38:47:87,995
2021-03-19 15:38:47:88,996
2021-03-19 15:38:47:89,997
2021-03-19 15:38:47:91,998
2021-03-19 15:38:47:92,999
